<SPConfig xmlns="urn:mace:shibboleth:2.0:native:sp:config" xmlns:md="urn:oasis:names:tc:SAML:2.0:metadata" clockSkew="1800">
  <ApplicationDefaults entityID="SPEntityID" REMOTE_USER="eppn">
    <Sessions lifetime="28800" timeout="300" checkAddress="false" relayState="ss:mem" handlerSSL="false">
      <SSO entityID="IDPEntityID">SAML2</SSO>
    </Sessions>
    
    <MetadataProvider type="XML" uri="IDPMetadataURL" backingFilePath="LocalMetadataFilename_cache" reloadInterval="180000"/>
    <CredentialResolver type="File" key="sp-key.pem" certificate="sp-cert.pem"/>
  </ApplicationDefaults>
  
  <SecurityPolicyProvider type="XML" validate="true" path="security-policy.xml"/>
  <ProtocolProvider type="XML" validate="true" reloadChanges="false" path="protocols.xml"/>
</SPConfig>
