<?xml version="1.0" encoding="UTF-8"?>
<catalog xmlns="urn:oasis:names:tc:entity:xmlns:xml:catalog">
    <system systemId="urn:mace:shibboleth:metadata:1.0" uri="/totvs/bin/appserver/sso/share/xml/shibboleth/shibboleth-metadata-1.0.xsd"/>
    <system systemId="urn:mace:shibboleth:2.0:native:sp:config" uri="/totvs/bin/appserver/sso/share/xml/shibboleth/shibboleth-2.0-native-sp-config.xsd"/>
    <system systemId="urn:mace:shibboleth:2.0:native:sp:protocols" uri="/totvs/bin/appserver/sso/share/xml/shibboleth/shibboleth-2.0-native-sp-protocols.xsd"/>
    <system systemId="urn:mace:shibboleth:2.0:sp:notify" uri="/totvs/bin/appserver/sso/share/xml/shibboleth/shibboleth-2.0-sp-notify.xsd"/>
    <system systemId="urn:mace:shibboleth:2.0:afp" uri="/totvs/bin/appserver/sso/share/xml/shibboleth/shibboleth-2.0-afp.xsd"/>
    <system systemId="urn:mace:shibboleth:2.0:afp:mf:basic" uri="/totvs/bin/appserver/sso/share/xml/shibboleth/shibboleth-2.0-afp-mf-basic.xsd"/>
    <system systemId="urn:mace:shibboleth:2.0:afp:mf:saml" uri="/totvs/bin/appserver/sso/share/xml/shibboleth/shibboleth-2.0-afp-mf-saml.xsd"/>
    <system systemId="urn:mace:shibboleth:2.0:attribute-map" uri="/totvs/bin/appserver/sso/share/xml/shibboleth/shibboleth-2.0-attribute-map.xsd"/>
    <system systemId="urn:mace:shibboleth:1.0" uri="/totvs/bin/appserver/sso/share/xml/shibboleth/shibboleth.xsd"/>
    <system systemId="http://schemas.xmlsoap.org/ws/2005/02/trust" uri="/totvs/bin/appserver/sso/share/xml/shibboleth/WS-Trust.xsd"/>
</catalog>
